{"cameraMode":{"drawMode":0,"name":"Shaded","section":"Shading Mode"},"sceneLighting":false,"audioPlay":false,"sceneViewState":{"m_AlwaysRefresh":false,"showFog":true,"showSkybox":false,"showFlares":true,"showImageEffects":true,"showParticleSystems":true,"showVisualEffectGraphs":true,"m_FxEnabled":true},"in2DMode":false,"pivot":{"x":0.07551267743110657,"y":-0.09742756187915802,"z":0.3059987425804138},"rotation":{"x":0.23746953904628755,"y":0.05171431228518486,"z":-0.01052520889788866,"w":0.9699847102165222},"size":0.35443615913391116,"orthographic":false}