{"cameraMode":{"drawMode":0,"name":"Shaded","section":"Shading Mode"},"sceneLighting":true,"audioPlay":false,"sceneViewState":{"m_AlwaysRefresh":false,"showFog":true,"showSkybox":true,"showFlares":true,"showImageEffects":true,"showParticleSystems":true,"showVisualEffectGraphs":true,"m_FxEnabled":true},"in2DMode":false,"pivot":{"x":3.2272396087646486,"y":-3.412281036376953,"z":9.781760215759278},"rotation":{"x":-0.36551859974861147,"y":-0.06053753197193146,"z":0.023830976337194444,"w":-0.9285653233528137},"size":12.330845832824707,"orthographic":false}