{"cameraMode":{"drawMode":0,"name":"Shaded","section":"Shading Mode"},"sceneLighting":true,"audioPlay":false,"sceneViewState":{"m_AlwaysRefresh":false,"showFog":true,"showSkybox":true,"showFlares":true,"showImageEffects":true,"showParticleSystems":true,"showVisualEffectGraphs":true,"m_FxEnabled":true},"in2DMode":false,"pivot":{"x":-0.47263649106025698,"y":26.490304946899415,"z":8.429198265075684},"rotation":{"x":0.17466489970684052,"y":-0.11283157020807266,"z":0.022267546504735948,"w":0.9779093861579895},"size":6.364771842956543,"orthographic":false}