{"cameraMode":{"drawMode":0,"name":"Shaded","section":"Shading Mode"},"sceneLighting":true,"audioPlay":false,"sceneViewState":{"m_AlwaysRefresh":false,"showFog":true,"showSkybox":true,"showFlares":true,"showImageEffects":true,"showParticleSystems":true,"showVisualEffectGraphs":true,"m_FxEnabled":true},"in2DMode":false,"pivot":{"x":-15.900655746459961,"y":-11.01175308227539,"z":25.065303802490236},"rotation":{"x":0.16275131702423097,"y":-0.27650389075279238,"z":0.04971854388713837,"w":0.9458715319633484},"size":22.797481536865236,"orthographic":false}