{"cameraMode":{"drawMode":0,"name":"Shaded","section":"Shading Mode"},"sceneLighting":true,"audioPlay":false,"sceneViewState":{"m_AlwaysRefresh":false,"showFog":true,"showSkybox":true,"showFlares":true,"showImageEffects":true,"showParticleSystems":true,"showVisualEffectGraphs":true,"m_FxEnabled":true},"in2DMode":false,"pivot":{"x":0.45252370834350588,"y":1.9237161874771119,"z":-1.3422229290008546},"rotation":{"x":-0.15986964106559754,"y":-0.2171555757522583,"z":-0.036141883581876758,"w":0.9623077511787415},"size":0.18035458028316499,"orthographic":false}