{"cameraMode":{"drawMode":0,"name":"Shaded","section":"Shading Mode"},"sceneLighting":false,"audioPlay":false,"sceneViewState":{"m_AlwaysRefresh":false,"showFog":true,"showSkybox":false,"showFlares":true,"showImageEffects":true,"showParticleSystems":true,"showVisualEffectGraphs":true,"m_FxEnabled":true},"in2DMode":false,"pivot":{"x":-0.040009431540966037,"y":2.245600938796997,"z":-0.003811430186033249},"rotation":{"x":-0.11398150026798248,"y":0.08067499846220017,"z":-0.009286696091294289,"w":-0.9901599884033203},"size":0.24917620420455934,"orthographic":false}