{"cameraMode":{"drawMode":0,"name":"Shaded","section":"Shading Mode"},"sceneLighting":false,"audioPlay":false,"sceneViewState":{"m_AlwaysRefresh":false,"showFog":true,"showSkybox":false,"showFlares":true,"showImageEffects":true,"showParticleSystems":true,"showVisualEffectGraphs":true,"m_FxEnabled":true},"in2DMode":false,"pivot":{"x":-0.1120397299528122,"y":2.322873830795288,"z":0.03062412142753601},"rotation":{"x":-0.20128536224365235,"y":0.19797281920909882,"z":-0.041577864438295367,"w":-0.9584181308746338},"size":0.16958007216453553,"orthographic":false}