{"cameraMode":{"drawMode":0,"name":"Shaded","section":"Shading Mode"},"sceneLighting":false,"audioPlay":false,"sceneViewState":{"m_AlwaysRefresh":false,"showFog":true,"showSkybox":false,"showFlares":true,"showImageEffects":true,"showParticleSystems":true,"showVisualEffectGraphs":true,"m_FxEnabled":true},"in2DMode":false,"pivot":{"x":0.01514272391796112,"y":0.33554986119270327,"z":0.079001784324646},"rotation":{"x":-0.010953753255307675,"y":-0.09025894850492478,"z":-0.0008891717297956348,"w":0.9958618879318237},"size":0.3614630103111267,"orthographic":false}