{"cameraMode":{"drawMode":0,"name":"Shaded","section":"Shading Mode"},"sceneLighting":false,"audioPlay":false,"sceneViewState":{"m_AlwaysRefresh":false,"showFog":true,"showSkybox":false,"showFlares":true,"showImageEffects":true,"showParticleSystems":true,"showVisualEffectGraphs":true,"m_FxEnabled":true},"in2DMode":false,"pivot":{"x":-0.4534386098384857,"y":-0.30375993251800539,"z":0.10741192102432251},"rotation":{"x":0.5694441199302673,"y":-0.17204762995243073,"z":0.12347982823848725,"w":0.7942999005317688},"size":0.9838023781776428,"orthographic":false}