{"cameraMode":{"drawMode":0,"name":"Shaded","section":"Shading Mode"},"sceneLighting":false,"audioPlay":false,"sceneViewState":{"m_AlwaysRefresh":false,"showFog":true,"showSkybox":false,"showFlares":true,"showImageEffects":true,"showParticleSystems":true,"showVisualEffectGraphs":true,"m_FxEnabled":true},"in2DMode":false,"pivot":{"x":0.03531503677368164,"y":0.909737229347229,"z":3.4526519775390627},"rotation":{"x":0.03206516429781914,"y":0.03507227078080177,"z":0.001128695672377944,"w":-0.9988806247711182},"size":2.522010326385498,"orthographic":false}