{"cameraMode":{"drawMode":0,"name":"Shaded","section":"Shading Mode"},"sceneLighting":false,"audioPlay":false,"sceneViewState":{"m_AlwaysRefresh":false,"showFog":true,"showSkybox":false,"showFlares":true,"showImageEffects":true,"showParticleSystems":true,"showVisualEffectGraphs":true,"m_FxEnabled":true},"in2DMode":false,"pivot":{"x":0.49969083070755007,"y":1.1283999681472779,"z":-0.012527873739600182},"rotation":{"x":0.03206516429781914,"y":0.03507227078080177,"z":0.001128695672377944,"w":-0.9988806247711182},"size":1.4291645288467408,"orthographic":false}