{"cameraMode":{"drawMode":0,"name":"Shaded","section":"Shading Mode"},"sceneLighting":false,"audioPlay":false,"sceneViewState":{"m_AlwaysRefresh":false,"showFog":true,"showSkybox":false,"showFlares":true,"showImageEffects":true,"showParticleSystems":true,"showVisualEffectGraphs":true,"m_FxEnabled":true},"in2DMode":false,"pivot":{"x":-0.0004216134548187256,"y":0.891862154006958,"z":3.4511561393737795},"rotation":{"x":0.030563443899154664,"y":0.038070548325777057,"z":0.001167779671959579,"w":-0.9988179802894592},"size":2.984983205795288,"orthographic":false}