{"cameraMode":{"drawMode":0,"name":"Shaded","section":"Shading Mode"},"sceneLighting":false,"audioPlay":false,"sceneViewState":{"m_AlwaysRefresh":false,"showFog":true,"showSkybox":false,"showFlares":true,"showImageEffects":true,"showParticleSystems":true,"showVisualEffectGraphs":true,"m_FxEnabled":true},"in2DMode":false,"pivot":{"x":-0.42372775077819826,"y":-0.3518931567668915,"z":-0.15337422490119935},"rotation":{"x":0.15692204236984254,"y":-0.7446692585945129,"z":0.19189630448818208,"w":0.6197316646575928},"size":0.5152879953384399,"orthographic":false}