{"cameraMode":{"drawMode":0,"name":"Shaded","section":"Shading Mode"},"sceneLighting":false,"audioPlay":false,"sceneViewState":{"m_AlwaysRefresh":false,"showFog":true,"showSkybox":false,"showFlares":true,"showImageEffects":true,"showParticleSystems":true,"showVisualEffectGraphs":true,"m_FxEnabled":true},"in2DMode":false,"pivot":{"x":0.11694207787513733,"y":3.0857205390930177,"z":-1.1080689430236817},"rotation":{"x":0.0029998323880136015,"y":-0.011398397386074067,"z":0.00003140895569231361,"w":0.9999397397041321},"size":0.2509455978870392,"orthographic":false}