{"cameraMode":{"drawMode":0,"name":"Shaded","section":"Shading Mode"},"sceneLighting":false,"audioPlay":false,"sceneViewState":{"m_AlwaysRefresh":false,"showFog":true,"showSkybox":false,"showFlares":true,"showImageEffects":true,"showParticleSystems":true,"showVisualEffectGraphs":true,"m_FxEnabled":true},"in2DMode":false,"pivot":{"x":0.04129985719919205,"y":0.8313595652580261,"z":-0.45255571603775027},"rotation":{"x":0.22531943023204804,"y":-0.06790079921483994,"z":0.017877424135804178,"w":0.9717667102813721},"size":0.28531304001808169,"orthographic":false}